﻿{"cameraMode":{"drawMode":0,"name":"Shaded","section":"Shading Mode"},"sceneLighting":true,"audioPlay":false,"sceneViewState":{"m_AlwaysRefresh":false,"showFog":true,"showSkybox":true,"showFlares":true,"showImageEffects":true,"showParticleSystems":true,"showVisualEffectGraphs":true,"m_FxEnabled":true},"in2DMode":false,"pivot":{"x":-11.0,"y":2.5,"z":-75.0},"rotation":{"x":0.2230338603258133,"y":-0.024854565039277078,"z":0.005688599776476622,"w":0.9744773507118225},"size":1.2247449159622193,"orthographic":false}